{
  "project_info": {
    "project_number": "1030439298000",
    "firebase_url": "https://curehealth-da464.firebaseio.com",
    "project_id": "curehealth-da464",
    "storage_bucket": "curehealth-da464.appspot.com"
  },
  "client": [
    {
      "client_info": {
        "mobilesdk_app_id": "1:1030439298000:android:59c1cbed468c8e19a50fd5",
        "android_client_info": {
          "package_name": "com.example.curehealth"
        }
      },
      "oauth_client": [
        {
          "client_id": "1030439298000-0advcrh986qe3kpj81c9l99jk6ojiu1o.apps.googleusercontent.com",
          "client_type": 1,
          "android_info": {
            "package_name": "com.example.curehealth",
            "certificate_hash": "98f146c7e09dd931b6ed58540410f191c9073791"
          }
        },
        {
          "client_id": "1030439298000-44q2dk6deap51770q9g1inj1vfs0afk1.apps.googleusercontent.com",
          "client_type": 3
        }
      ],
      "api_key": [
        {
          "current_key": "AIzaSyAoSOe8NKneCTFwUgRoYRl8O890Hqfyuos"
        }
      ],
      "services": {
        "appinvite_service": {
          "other_platform_oauth_client": [
            {
              "client_id": "1030439298000-44q2dk6deap51770q9g1inj1vfs0afk1.apps.googleusercontent.com",
              "client_type": 3
            }
          ]
        }
      }
    }
  ],
  "configuration_version": "1"
}